IMPORTANT NOTE: THIS DUMPFILE IS MADE FOR USE WITH THE 'NPCBOT DUMP' COMMAND ONLY - EITHER THROUGH INGAME CHAT OR ON CONSOLE!
IMPORTANT NOTE: DO NOT apply it directly - it will irreversibly DAMAGE and CORRUPT your database! You have been warned!

INSERT INTO `characters_npcbot` 
(`entry`,`owner`,`roles`,`spec`,`faction`,`spells_disabled`,`equipMhEx`,`equipOhEx`,`equipRhEx`,`equipHead`,`equipShoulders`,`equipChest`,`equipWaist`,`equipLegs`,`equipFeet`,`equipWrist`,`equipHands`,`equipBack`,`equipBody`,`equipFinger1`,`equipFinger2`,`equipTrinket1`,`equipTrinket2`,`equipNeck`) VALUES 
('70001','0','4','3','35','NULL','0','0','0','0','0','0','0','0','0','0','0','0','0','0','0','0','0','0');
INSERT INTO `creature` 
(`guid`,`id`,`map`,`spawnMask`,`phaseMask`,`position_x`,`position_y`,`position_z`,`orientation`,`curhealth`,`curmana`) VALUES 
('213828','70001','0','1','1','-9455.860352','74.903000','56.862900','4.373460','12600','0');
INSERT INTO `characters_npcbot` 
(`entry`,`owner`,`roles`,`spec`,`faction`,`spells_disabled`,`equipMhEx`,`equipOhEx`,`equipRhEx`,`equipHead`,`equipShoulders`,`equipChest`,`equipWaist`,`equipLegs`,`equipFeet`,`equipWrist`,`equipHands`,`equipBack`,`equipBody`,`equipFinger1`,`equipFinger2`,`equipTrinket1`,`equipTrinket2`,`equipNeck`) VALUES 
('70018','3','37','2','35','NULL','0','0','0','0','0','88804','0','88805','88807','0','88806','0','0','0','0','0','0','0');
INSERT INTO `item_instance` 
(`creatorGuid`,`giftCreatorGuid`,`count`,`duration`,`charges`,`flags`,`enchantments`,`randomPropertyId`,`durability`,`playedTime`,`text`,`guid`,`itemEntry`,`owner_guid`) VALUES 
('0','0','1','0','0 0 0 0 0 ','0','0 0 0 0 0 0 0 0 0 0 0 0 0 0 0 0 0 0 0 0 0 0 0 0 0 0 0 0 0 0 0 0 0 0 0 0 ','0','75','0','','88804','847','0'),
('0','0','1','0','0 0 0 0 0 ','0','0 0 0 0 0 0 0 0 0 0 0 0 0 0 0 0 0 0 0 0 0 0 0 0 0 0 0 0 0 0 0 0 0 0 0 0 ','0','60','0','','88805','848','0'),
('0','0','1','0','0 0 0 0 0 ','0','0 0 0 0 0 0 0 0 0 0 0 0 0 0 0 0 0 0 0 0 0 0 0 0 0 0 0 0 0 0 0 0 0 0 0 0 ','0','25','0','','88806','850','0'),
('0','0','1','0','0 0 0 0 0 ','0','0 0 0 0 0 0 0 0 0 0 0 0 0 0 0 0 0 0 0 0 0 0 0 0 0 0 0 0 0 0 0 0 0 0 0 0 ','0','40','0','','88807','849','0');
INSERT INTO `creature` 
(`guid`,`id`,`map`,`spawnMask`,`phaseMask`,`position_x`,`position_y`,`position_z`,`orientation`,`curhealth`,`curmana`) VALUES 
('213849','70018','1','1','1','351.045990','-4711.399902','14.702400','4.603970','12600','0');
INSERT INTO `characters_npcbot` 
(`entry`,`owner`,`roles`,`spec`,`faction`,`spells_disabled`,`equipMhEx`,`equipOhEx`,`equipRhEx`,`equipHead`,`equipShoulders`,`equipChest`,`equipWaist`,`equipLegs`,`equipFeet`,`equipWrist`,`equipHands`,`equipBack`,`equipBody`,`equipFinger1`,`equipFinger2`,`equipTrinket1`,`equipTrinket2`,`equipNeck`) VALUES 
('70058','0','12','4','35','NULL','0','0','0','0','0','0','0','0','0','0','0','0','0','0','0','0','0','0');
INSERT INTO `creature` 
(`guid`,`id`,`map`,`spawnMask`,`phaseMask`,`position_x`,`position_y`,`position_z`,`orientation`,`curhealth`,`curmana`) VALUES 
('213830','70058','0','1','1','-5581.859863','-540.119995','403.540985','1.751720','12600','3994');
INSERT INTO `characters_npcbot` 
(`entry`,`owner`,`roles`,`spec`,`faction`,`spells_disabled`,`equipMhEx`,`equipOhEx`,`equipRhEx`,`equipHead`,`equipShoulders`,`equipChest`,`equipWaist`,`equipLegs`,`equipFeet`,`equipWrist`,`equipHands`,`equipBack`,`equipBody`,`equipFinger1`,`equipFinger2`,`equipTrinket1`,`equipTrinket2`,`equipNeck`) VALUES 
('70063','0','12','5','35','NULL','0','0','0','0','0','0','0','0','0','0','0','0','0','0','0','0','0','0');
INSERT INTO `creature` 
(`guid`,`id`,`map`,`spawnMask`,`phaseMask`,`position_x`,`position_y`,`position_z`,`orientation`,`curhealth`,`curmana`) VALUES 
('213854','70063','530','1','1','9517.190430','-6846.959961','16.493401','0.844046','12600','3994');
INSERT INTO `characters_npcbot` 
(`entry`,`owner`,`roles`,`spec`,`faction`,`spells_disabled`,`equipMhEx`,`equipOhEx`,`equipRhEx`,`equipHead`,`equipShoulders`,`equipChest`,`equipWaist`,`equipLegs`,`equipFeet`,`equipWrist`,`equipHands`,`equipBack`,`equipBody`,`equipFinger1`,`equipFinger2`,`equipTrinket1`,`equipTrinket2`,`equipNeck`) VALUES 
('70110','0','20','9','35','NULL','0','0','0','0','0','0','0','0','0','0','0','0','0','0','0','0','0','0');
INSERT INTO `creature` 
(`guid`,`id`,`map`,`spawnMask`,`phaseMask`,`position_x`,`position_y`,`position_z`,`orientation`,`curhealth`,`curmana`) VALUES 
('213861','70110','1','1','1','-2287.800049','-360.838989','-9.424730','3.816910','2','0');
INSERT INTO `characters_npcbot` 
(`entry`,`owner`,`roles`,`spec`,`faction`,`spells_disabled`,`equipMhEx`,`equipOhEx`,`equipRhEx`,`equipHead`,`equipShoulders`,`equipChest`,`equipWaist`,`equipLegs`,`equipFeet`,`equipWrist`,`equipHands`,`equipBack`,`equipBody`,`equipFinger1`,`equipFinger2`,`equipTrinket1`,`equipTrinket2`,`equipNeck`) VALUES 
('70115','0','20','8','35','NULL','0','0','0','0','0','0','0','0','0','0','0','0','0','0','0','0','0','0');
INSERT INTO `creature` 
(`guid`,`id`,`map`,`spawnMask`,`phaseMask`,`position_x`,`position_y`,`position_z`,`orientation`,`curhealth`,`curmana`) VALUES 
('213833','70115','1','1','1','9847.480469','948.223999','1308.030029','6.194350','2','0');
INSERT INTO `characters_npcbot` 
(`entry`,`owner`,`roles`,`spec`,`faction`,`spells_disabled`,`equipMhEx`,`equipOhEx`,`equipRhEx`,`equipHead`,`equipShoulders`,`equipChest`,`equipWaist`,`equipLegs`,`equipFeet`,`equipWrist`,`equipHands`,`equipBack`,`equipBody`,`equipFinger1`,`equipFinger2`,`equipTrinket1`,`equipTrinket2`,`equipNeck`) VALUES 
('70166','0','4','12','35','NULL','0','0','0','0','0','0','0','0','0','0','0','0','0','0','0','0','0','0');
INSERT INTO `creature` 
(`guid`,`id`,`map`,`spawnMask`,`phaseMask`,`position_x`,`position_y`,`position_z`,`orientation`,`curhealth`,`curmana`) VALUES 
('213834','70166','1','1','1','9818.299805','937.273010','1308.660034','6.249330','12600','0');
INSERT INTO `characters_npcbot` 
(`entry`,`owner`,`roles`,`spec`,`faction`,`spells_disabled`,`equipMhEx`,`equipOhEx`,`equipRhEx`,`equipHead`,`equipShoulders`,`equipChest`,`equipWaist`,`equipLegs`,`equipFeet`,`equipWrist`,`equipHands`,`equipBack`,`equipBody`,`equipFinger1`,`equipFinger2`,`equipTrinket1`,`equipTrinket2`,`equipNeck`) VALUES 
('70180','0','4','12','35','NULL','0','0','0','0','0','0','0','0','0','0','0','0','0','0','0','0','0','0');
INSERT INTO `creature` 
(`guid`,`id`,`map`,`spawnMask`,`phaseMask`,`position_x`,`position_y`,`position_z`,`orientation`,`curhealth`,`curmana`) VALUES 
('213856','70180','530','1','1','9484.709961','-6815.200195','16.493999','1.252460','12600','0');
INSERT INTO `characters_npcbot` 
(`entry`,`owner`,`roles`,`spec`,`faction`,`spells_disabled`,`equipMhEx`,`equipOhEx`,`equipRhEx`,`equipHead`,`equipShoulders`,`equipChest`,`equipWaist`,`equipLegs`,`equipFeet`,`equipWrist`,`equipHands`,`equipBack`,`equipBody`,`equipFinger1`,`equipFinger2`,`equipTrinket1`,`equipTrinket2`,`equipNeck`) VALUES 
('70201','0','28','15','35','NULL','0','0','0','0','0','0','0','0','0','0','0','0','0','0','0','0','0','0');
INSERT INTO `creature` 
(`guid`,`id`,`map`,`spawnMask`,`phaseMask`,`position_x`,`position_y`,`position_z`,`orientation`,`curhealth`,`curmana`) VALUES 
('213829','70201','0','1','1','-9478.219727','46.290100','57.172901','0.835238','2','0');
INSERT INTO `characters_npcbot` 
(`entry`,`owner`,`roles`,`spec`,`faction`,`spells_disabled`,`equipMhEx`,`equipOhEx`,`equipRhEx`,`equipHead`,`equipShoulders`,`equipChest`,`equipWaist`,`equipLegs`,`equipFeet`,`equipWrist`,`equipHands`,`equipBack`,`equipBody`,`equipFinger1`,`equipFinger2`,`equipTrinket1`,`equipTrinket2`,`equipNeck`) VALUES 
('70225','0','28','14','35','NULL','0','0','0','0','0','0','0','0','0','0','0','0','0','0','0','0','0','0');
INSERT INTO `creature` 
(`guid`,`id`,`map`,`spawnMask`,`phaseMask`,`position_x`,`position_y`,`position_z`,`orientation`,`curhealth`,`curmana`) VALUES 
('213853','70225','1','1','1','284.891998','-4767.120117','12.274200','1.297450','2','0');
INSERT INTO `characters_npcbot` 
(`entry`,`owner`,`roles`,`spec`,`faction`,`spells_disabled`,`equipMhEx`,`equipOhEx`,`equipRhEx`,`equipHead`,`equipShoulders`,`equipChest`,`equipWaist`,`equipLegs`,`equipFeet`,`equipWrist`,`equipHands`,`equipBack`,`equipBody`,`equipFinger1`,`equipFinger2`,`equipTrinket1`,`equipTrinket2`,`equipNeck`) VALUES 
('70253','0','28','20','35','NULL','0','0','0','0','0','0','0','0','0','0','0','0','0','0','0','0','0','0');
INSERT INTO `creature` 
(`guid`,`id`,`map`,`spawnMask`,`phaseMask`,`position_x`,`position_y`,`position_z`,`orientation`,`curhealth`,`curmana`) VALUES 
('213857','70253','1','1','1','-2341.139893','-311.800995','-9.373160','5.705760','2','0');
INSERT INTO `characters_npcbot` 
(`entry`,`owner`,`roles`,`spec`,`faction`,`spells_disabled`,`equipMhEx`,`equipOhEx`,`equipRhEx`,`equipHead`,`equipShoulders`,`equipChest`,`equipWaist`,`equipLegs`,`equipFeet`,`equipWrist`,`equipHands`,`equipBack`,`equipBody`,`equipFinger1`,`equipFinger2`,`equipTrinket1`,`equipTrinket2`,`equipNeck`) VALUES 
('70268','0','28','19','35','NULL','0','0','0','0','0','0','0','0','0','0','0','0','0','0','0','0','0','0');
INSERT INTO `creature` 
(`guid`,`id`,`map`,`spawnMask`,`phaseMask`,`position_x`,`position_y`,`position_z`,`orientation`,`curhealth`,`curmana`) VALUES 
('213835','70268','530','1','1','-4218.100098','-12468.400391','45.153801','4.155560','2','0');
INSERT INTO `characters_npcbot` 
(`entry`,`owner`,`roles`,`spec`,`faction`,`spells_disabled`,`equipMhEx`,`equipOhEx`,`equipRhEx`,`equipHead`,`equipShoulders`,`equipChest`,`equipWaist`,`equipLegs`,`equipFeet`,`equipWrist`,`equipHands`,`equipBack`,`equipBody`,`equipFinger1`,`equipFinger2`,`equipTrinket1`,`equipTrinket2`,`equipNeck`) VALUES 
('70313','0','20','23','35','NULL','0','0','0','0','0','0','0','0','0','0','0','0','0','0','0','0','0','0');
INSERT INTO `creature` 
(`guid`,`id`,`map`,`spawnMask`,`phaseMask`,`position_x`,`position_y`,`position_z`,`orientation`,`curhealth`,`curmana`) VALUES 
('213831','70313','0','1','1','-5624.919922','-540.804016','389.373993','6.177460','10080','8814');
INSERT INTO `characters_npcbot` 
(`entry`,`owner`,`roles`,`spec`,`faction`,`spells_disabled`,`equipMhEx`,`equipOhEx`,`equipRhEx`,`equipHead`,`equipShoulders`,`equipChest`,`equipWaist`,`equipLegs`,`equipFeet`,`equipWrist`,`equipHands`,`equipBack`,`equipBody`,`equipFinger1`,`equipFinger2`,`equipTrinket1`,`equipTrinket2`,`equipNeck`) VALUES 
('70336','0','20','22','35','NULL','0','0','0','0','0','0','0','0','0','0','0','0','0','0','0','0','0','0');
INSERT INTO `creature` 
(`guid`,`id`,`map`,`spawnMask`,`phaseMask`,`position_x`,`position_y`,`position_z`,`orientation`,`curhealth`,`curmana`) VALUES 
('213862','70336','0','1','1','2249.090088','263.390015','34.498100','2.487520','10080','8814');
INSERT INTO `characters_npcbot` 
(`entry`,`owner`,`roles`,`spec`,`faction`,`spells_disabled`,`equipMhEx`,`equipOhEx`,`equipRhEx`,`equipHead`,`equipShoulders`,`equipChest`,`equipWaist`,`equipLegs`,`equipFeet`,`equipWrist`,`equipHands`,`equipBack`,`equipBody`,`equipFinger1`,`equipFinger2`,`equipTrinket1`,`equipTrinket2`,`equipNeck`) VALUES 
('70352','0','20','26','35','NULL','0','0','0','0','0','0','0','0','0','0','0','0','0','0','0','0','0','0');
INSERT INTO `creature` 
(`guid`,`id`,`map`,`spawnMask`,`phaseMask`,`position_x`,`position_y`,`position_z`,`orientation`,`curhealth`,`curmana`) VALUES 
('213839','70352','0','1','1','-100.800003','806.424011','63.712898','0.511435','2','0');
INSERT INTO `characters_npcbot` 
(`entry`,`owner`,`roles`,`spec`,`faction`,`spells_disabled`,`equipMhEx`,`equipOhEx`,`equipRhEx`,`equipHead`,`equipShoulders`,`equipChest`,`equipWaist`,`equipLegs`,`equipFeet`,`equipWrist`,`equipHands`,`equipBack`,`equipBody`,`equipFinger1`,`equipFinger2`,`equipTrinket1`,`equipTrinket2`,`equipNeck`) VALUES 
('70375','0','20','27','35','NULL','0','0','0','0','0','0','0','0','0','0','0','0','0','0','0','0','0','0');
INSERT INTO `creature` 
(`guid`,`id`,`map`,`spawnMask`,`phaseMask`,`position_x`,`position_y`,`position_z`,`orientation`,`curhealth`,`curmana`) VALUES 
('213840','70375','0','1','1','-92.403999','806.151001','63.705502','2.541690','2','0');
INSERT INTO `characters_npcbot` 
(`entry`,`owner`,`roles`,`spec`,`faction`,`spells_disabled`,`equipMhEx`,`equipOhEx`,`equipRhEx`,`equipHead`,`equipShoulders`,`equipChest`,`equipWaist`,`equipLegs`,`equipFeet`,`equipWrist`,`equipHands`,`equipBack`,`equipBody`,`equipFinger1`,`equipFinger2`,`equipTrinket1`,`equipTrinket2`,`equipNeck`) VALUES 
('70403','0','28','30','35','NULL','0','0','0','0','0','0','0','0','0','0','0','0','0','0','0','0','0','0');
INSERT INTO `creature` 
(`guid`,`id`,`map`,`spawnMask`,`phaseMask`,`position_x`,`position_y`,`position_z`,`orientation`,`curhealth`,`curmana`) VALUES 
('213863','70403','1','1','1','-2406.399902','-391.121002','-1.942340','0.000628','2','0');
INSERT INTO `characters_npcbot` 
(`entry`,`owner`,`roles`,`spec`,`faction`,`spells_disabled`,`equipMhEx`,`equipOhEx`,`equipRhEx`,`equipHead`,`equipShoulders`,`equipChest`,`equipWaist`,`equipLegs`,`equipFeet`,`equipWrist`,`equipHands`,`equipBack`,`equipBody`,`equipFinger1`,`equipFinger2`,`equipTrinket1`,`equipTrinket2`,`equipNeck`) VALUES 
('70409','0','28','28','35','NULL','0','0','0','0','0','0','0','0','0','0','0','0','0','0','0','0','0','0');
INSERT INTO `creature` 
(`guid`,`id`,`map`,`spawnMask`,`phaseMask`,`position_x`,`position_y`,`position_z`,`orientation`,`curhealth`,`curmana`) VALUES 
('213836','70409','530','1','1','-4221.830078','-12472.400391','45.101501','6.272200','2','0');
INSERT INTO `characters_npcbot` 
(`entry`,`owner`,`roles`,`spec`,`faction`,`spells_disabled`,`equipMhEx`,`equipOhEx`,`equipRhEx`,`equipHead`,`equipShoulders`,`equipChest`,`equipWaist`,`equipLegs`,`equipFeet`,`equipWrist`,`equipHands`,`equipBack`,`equipBody`,`equipFinger1`,`equipFinger2`,`equipTrinket1`,`equipTrinket2`,`equipNeck`) VALUES 
('70455','0','4','16','35','NULL','0','0','0','0','0','0','0','0','0','0','0','0','0','0','0','0','0','0');
INSERT INTO `creature` 
(`guid`,`id`,`map`,`spawnMask`,`phaseMask`,`position_x`,`position_y`,`position_z`,`orientation`,`curhealth`,`curmana`) VALUES 
('213837','70455','571','1','2','8599.889648','2681.760010','652.354004','2.111240','2','0');
INSERT INTO `characters_npcbot` 
(`entry`,`owner`,`roles`,`spec`,`faction`,`spells_disabled`,`equipMhEx`,`equipOhEx`,`equipRhEx`,`equipHead`,`equipShoulders`,`equipChest`,`equipWaist`,`equipLegs`,`equipFeet`,`equipWrist`,`equipHands`,`equipBack`,`equipBody`,`equipFinger1`,`equipFinger2`,`equipTrinket1`,`equipTrinket2`,`equipNeck`) VALUES 
('70457','0','4','16','35','NULL','0','0','0','0','0','0','0','0','0','0','0','0','0','0','0','0','0','0');
INSERT INTO `creature` 
(`guid`,`id`,`map`,`spawnMask`,`phaseMask`,`position_x`,`position_y`,`position_z`,`orientation`,`curhealth`,`curmana`) VALUES 
('213838','70457','571','1','2','8601.480469','2686.989990','652.354004','3.870530','2','0');
INSERT INTO `characters_npcbot` 
(`entry`,`owner`,`roles`,`spec`,`faction`,`spells_disabled`,`equipMhEx`,`equipOhEx`,`equipRhEx`,`equipHead`,`equipShoulders`,`equipChest`,`equipWaist`,`equipLegs`,`equipFeet`,`equipWrist`,`equipHands`,`equipBack`,`equipBody`,`equipFinger1`,`equipFinger2`,`equipTrinket1`,`equipTrinket2`,`equipNeck`) VALUES 
('70553','0','28','31','35','NULL','0','0','0','0','0','0','0','0','0','0','0','0','0','0','0','0','0','0');
INSERT INTO `creature` 
(`guid`,`id`,`map`,`spawnMask`,`phaseMask`,`position_x`,`position_y`,`position_z`,`orientation`,`curhealth`,`curmana`) VALUES 
('213841','70553','530','1','1','-239.766006','1063.910034','54.310501','3.119110','2','0');
INSERT INTO `characters_npcbot` 
(`entry`,`owner`,`roles`,`spec`,`faction`,`spells_disabled`,`equipMhEx`,`equipOhEx`,`equipRhEx`,`equipHead`,`equipShoulders`,`equipChest`,`equipWaist`,`equipLegs`,`equipFeet`,`equipWrist`,`equipHands`,`equipBack`,`equipBody`,`equipFinger1`,`equipFinger2`,`equipTrinket1`,`equipTrinket2`,`equipNeck`) VALUES 
('70555','0','20','31','35','NULL','0','0','0','0','0','0','0','0','0','0','0','0','0','0','0','0','0','0');
INSERT INTO `creature` 
(`guid`,`id`,`map`,`spawnMask`,`phaseMask`,`position_x`,`position_y`,`position_z`,`orientation`,`curhealth`,`curmana`) VALUES 
('213843','70555','530','1','1','-250.507996','1071.359985','54.308300','1.520810','10486','8979');
INSERT INTO `characters_npcbot` 
(`entry`,`owner`,`roles`,`spec`,`faction`,`spells_disabled`,`equipMhEx`,`equipOhEx`,`equipRhEx`,`equipHead`,`equipShoulders`,`equipChest`,`equipWaist`,`equipLegs`,`equipFeet`,`equipWrist`,`equipHands`,`equipBack`,`equipBody`,`equipFinger1`,`equipFinger2`,`equipTrinket1`,`equipTrinket2`,`equipNeck`) VALUES 
('70558','0','4','31','35','NULL','0','0','0','0','0','0','0','0','0','0','0','0','0','0','0','0','0','0');
INSERT INTO `creature` 
(`guid`,`id`,`map`,`spawnMask`,`phaseMask`,`position_x`,`position_y`,`position_z`,`orientation`,`curhealth`,`curmana`) VALUES 
('213844','70558','530','1','1','-262.386993','1063.300049','54.310398','0.036402','2','0');
INSERT INTO `characters_npcbot` 
(`entry`,`owner`,`roles`,`spec`,`faction`,`spells_disabled`,`equipMhEx`,`equipOhEx`,`equipRhEx`,`equipHead`,`equipShoulders`,`equipChest`,`equipWaist`,`equipLegs`,`equipFeet`,`equipWrist`,`equipHands`,`equipBack`,`equipBody`,`equipFinger1`,`equipFinger2`,`equipTrinket1`,`equipTrinket2`,`equipNeck`) VALUES 
('70565','0','4','31','35','NULL','0','0','0','0','0','0','0','0','0','0','0','0','0','0','0','0','0','0');
INSERT INTO `creature` 
(`guid`,`id`,`map`,`spawnMask`,`phaseMask`,`position_x`,`position_y`,`position_z`,`orientation`,`curhealth`,`curmana`) VALUES 
('213845','70565','530','1','1','-258.385010','1053.310059','54.315201','1.615050','13033','4081');
INSERT INTO `characters_npcbot` 
(`entry`,`owner`,`roles`,`spec`,`faction`,`spells_disabled`,`equipMhEx`,`equipOhEx`,`equipRhEx`,`equipHead`,`equipShoulders`,`equipChest`,`equipWaist`,`equipLegs`,`equipFeet`,`equipWrist`,`equipHands`,`equipBack`,`equipBody`,`equipFinger1`,`equipFinger2`,`equipTrinket1`,`equipTrinket2`,`equipNeck`) VALUES 
('70568','0','20','31','35','NULL','0','0','0','0','0','0','0','0','0','0','0','0','0','0','0','0','0','0');
INSERT INTO `creature` 
(`guid`,`id`,`map`,`spawnMask`,`phaseMask`,`position_x`,`position_y`,`position_z`,`orientation`,`curhealth`,`curmana`) VALUES 
('213847','70568','530','1','1','-251.535995','1053.329956','54.315201','1.552220','2','0');
INSERT INTO `characters_npcbot` 
(`entry`,`owner`,`roles`,`spec`,`faction`,`spells_disabled`,`equipMhEx`,`equipOhEx`,`equipRhEx`,`equipHead`,`equipShoulders`,`equipChest`,`equipWaist`,`equipLegs`,`equipFeet`,`equipWrist`,`equipHands`,`equipBack`,`equipBody`,`equipFinger1`,`equipFinger2`,`equipTrinket1`,`equipTrinket2`,`equipNeck`) VALUES 
('70576','0','20','31','35','NULL','0','0','0','0','0','0','0','0','0','0','0','0','0','0','0','0','0','0');
INSERT INTO `creature` 
(`guid`,`id`,`map`,`spawnMask`,`phaseMask`,`position_x`,`position_y`,`position_z`,`orientation`,`curhealth`,`curmana`) VALUES 
('213848','70576','530','1','1','-245.371994','1053.030029','54.315201','1.599340','2','0');
